{"cameraMode":{"drawMode":0,"name":"Shaded","section":"Shading Mode"},"sceneLighting":true,"audioPlay":false,"sceneViewState":{"m_AlwaysRefresh":false,"showFog":true,"showSkybox":true,"showFlares":true,"showImageEffects":true,"showParticleSystems":true,"showVisualEffectGraphs":true,"m_FxEnabled":false},"in2DMode":false,"pivot":{"x":-1.0147713422775269,"y":0.4010481834411621,"z":0.0612417533993721},"rotation":{"x":-0.06339050084352493,"y":0.7469927072525024,"z":-0.07189880311489105,"w":-0.6579268574714661},"size":1.1353681087493897,"orthographic":false}