{"cameraMode":{"drawMode":0,"name":"Shaded","section":"Shading Mode"},"sceneLighting":true,"audioPlay":false,"sceneViewState":{"m_AlwaysRefresh":false,"showFog":true,"showSkybox":true,"showFlares":true,"showImageEffects":true,"showParticleSystems":true,"showVisualEffectGraphs":true,"m_FxEnabled":false},"in2DMode":false,"pivot":{"x":0.5766876339912415,"y":0.4171715974807739,"z":0.13813942670822144},"rotation":{"x":-0.017822738736867906,"y":0.9814243912696838,"z":-0.15404675900936128,"w":-0.11323380470275879},"size":1.2143311500549317,"orthographic":false}