{"cameraMode":{"drawMode":0,"name":"Shaded","section":"Shading Mode"},"sceneLighting":true,"audioPlay":false,"sceneViewState":{"m_AlwaysRefresh":false,"showFog":true,"showSkybox":true,"showFlares":true,"showImageEffects":true,"showParticleSystems":true,"showVisualEffectGraphs":true,"m_FxEnabled":false},"in2DMode":false,"pivot":{"x":-0.9130115509033203,"y":-10.857420921325684,"z":-33.46076583862305},"rotation":{"x":0.04367537423968315,"y":-0.9551658034324646,"z":0.18061219155788423,"w":0.23065252602100373},"size":28.220943450927736,"orthographic":false}