{"cameraMode":{"drawMode":0,"name":"Shaded","section":"Shading Mode"},"sceneLighting":true,"audioPlay":false,"sceneViewState":{"m_AlwaysRefresh":false,"showFog":true,"showSkybox":true,"showFlares":true,"showImageEffects":true,"showParticleSystems":true,"showVisualEffectGraphs":true,"m_FxEnabled":false},"in2DMode":false,"pivot":{"x":-6.623331546783447,"y":-16.946239471435548,"z":6.456160545349121},"rotation":{"x":0.41865548491477969,"y":-0.011169913224875927,"z":0.005149525590240955,"w":0.9080635905265808},"size":26.501972198486329,"orthographic":false}