{"cameraMode":{"drawMode":0,"name":"Shaded","section":"Shading Mode"},"sceneLighting":true,"audioPlay":false,"sceneViewState":{"m_AlwaysRefresh":false,"showFog":true,"showSkybox":true,"showFlares":true,"showImageEffects":true,"showParticleSystems":true,"showVisualEffectGraphs":true,"m_FxEnabled":false},"in2DMode":false,"pivot":{"x":56.76624298095703,"y":0.5011602640151978,"z":24.907882690429689},"rotation":{"x":0.35990265011787417,"y":0.5853522419929504,"z":-0.32399991154670718,"w":0.6503220200538635},"size":2.656381368637085,"orthographic":false}