{"cameraMode":{"drawMode":0,"name":"Shaded","section":"Shading Mode"},"sceneLighting":false,"audioPlay":false,"sceneViewState":{"m_AlwaysRefresh":false,"showFog":true,"showSkybox":false,"showFlares":true,"showImageEffects":true,"showParticleSystems":true,"showVisualEffectGraphs":true,"m_FxEnabled":false},"in2DMode":false,"pivot":{"x":1.3061236143112183,"y":1.5527526140213013,"z":-2.8368232250213625},"rotation":{"x":0.0031169564463198187,"y":-0.9950953125953674,"z":0.09341131150722504,"w":0.033149298280477527},"size":5.305984973907471,"orthographic":false}