{"cameraMode":{"drawMode":0,"name":"Shaded","section":"Shading Mode"},"sceneLighting":false,"audioPlay":false,"sceneViewState":{"m_AlwaysRefresh":false,"showFog":true,"showSkybox":false,"showFlares":true,"showImageEffects":true,"showParticleSystems":true,"showVisualEffectGraphs":true,"m_FxEnabled":false},"in2DMode":false,"pivot":{"x":0.5385138392448425,"y":9.821493148803711,"z":-0.18176046013832093},"rotation":{"x":0.2074972689151764,"y":0.39920932054519656,"z":-0.09326092898845673,"w":0.8882052898406982},"size":0.8660253882408142,"orthographic":false}